-- MySQL Script generated by MySQL Workbench
-- Sat Apr 26 14:43:15 2025
-- Model: New Model    Version: 1.0
-- MySQL Workbench Forward Engineering

SET @OLD_UNIQUE_CHECKS=@@UNIQUE_CHECKS, UNIQUE_CHECKS=0;
SET @OLD_FOREIGN_KEY_CHECKS=@@FOREIGN_KEY_CHECKS, FOREIGN_KEY_CHECKS=0;
SET @OLD_SQL_MODE=@@SQL_MODE, SQL_MODE='ONLY_FULL_GROUP_BY,STRICT_TRANS_TABLES,NO_ZERO_IN_DATE,NO_ZERO_DATE,ERROR_FOR_DIVISION_BY_ZERO,NO_ENGINE_SUBSTITUTION';

-- -----------------------------------------------------
-- Schema acai
-- -----------------------------------------------------

-- -----------------------------------------------------
-- Schema acai
-- -----------------------------------------------------
CREATE SCHEMA IF NOT EXISTS `acai` ;
USE `acai` ;

-- -----------------------------------------------------
-- Table `acai`.`tb_usuario`
-- -----------------------------------------------------
CREATE TABLE IF NOT EXISTS `acai`.`tb_usuario` (
  `idusuario` INT NOT NULL,
  `nome` VARCHAR(100) NOT NULL,
  `email` VARCHAR(100) NOT NULL,
  `senha` VARCHAR(80) NOT NULL,
  `tipo` VARCHAR(1) NULL,
  PRIMARY KEY (`idusuario`),
  UNIQUE INDEX `email_UNIQUE` (`email` ASC) VISIBLE)
ENGINE = InnoDB;


-- -----------------------------------------------------
-- Table `acai`.`tb_cliente`
-- -----------------------------------------------------
CREATE TABLE IF NOT EXISTS `acai`.`tb_cliente` (
  `idcliente` INT NOT NULL,
  `cpf` VARCHAR(14) NOT NULL,
  `endereco` VARCHAR(80) NOT NULL,
  `pontos` INT NULL,
  `tb_usuario_idusuario` INT NOT NULL,
  PRIMARY KEY (`idcliente`),
  INDEX `fk_tb_cliente_tb_usuario1_idx` (`tb_usuario_idusuario` ASC) VISIBLE,
  CONSTRAINT `fk_tb_cliente_tb_usuario1`
    FOREIGN KEY (`tb_usuario_idusuario`)
    REFERENCES `acai`.`tb_usuario` (`idusuario`)
    ON DELETE NO ACTION
    ON UPDATE NO ACTION)
ENGINE = InnoDB;


-- -----------------------------------------------------
-- Table `acai`.`tb_produto`
-- -----------------------------------------------------
CREATE TABLE IF NOT EXISTS `acai`.`tb_produto` (
  `idproduto` INT NOT NULL,
  `nome` VARCHAR(45) NOT NULL,
  `tamanho` VARCHAR(45) NULL,
  `complemento_g` VARCHAR(45) NULL,
  `complemento_p` VARCHAR(45) NULL,
  `cobertura` VARCHAR(45) NULL,
  PRIMARY KEY (`idproduto`))
ENGINE = InnoDB;


-- -----------------------------------------------------
-- Table `acai`.`tb_atendente`
-- -----------------------------------------------------
CREATE TABLE IF NOT EXISTS `acai`.`tb_atendente` (
  `idatentende` INT NOT NULL,
  `idade` VARCHAR(3) NOT NULL,
  `horario_chegada` VARCHAR(5) NOT NULL,
  `horario_saida` VARCHAR(5) NOT NULL,
  `descricao` VARCHAR(400) NOT NULL,
  `tb_usuario_idusuario` DATETIME NOT NULL,
  PRIMARY KEY (`idatentende`),
  UNIQUE INDEX `idatentende_UNIQUE` (`idatentende` ASC) VISIBLE,
  INDEX `fk_tb_atentende_tb_usuario1_idx` (`tb_usuario_idusuario` ASC) VISIBLE,
  CONSTRAINT `fk_tb_atentende_tb_usuario1`
    FOREIGN KEY (`tb_usuario_idusuario`)
    REFERENCES `acai`.`tb_usuario` (`idusuario`)
    ON DELETE NO ACTION
    ON UPDATE NO ACTION)
ENGINE = InnoDB;


-- -----------------------------------------------------
-- Table `acai`.`tb_endereco`
-- -----------------------------------------------------
CREATE TABLE IF NOT EXISTS `acai`.`tb_endereco` (
  `idendereco` INT NOT NULL,
  `endereco` VARCHAR(45) NULL,
  `bairro` VARCHAR(45) NULL,
  `cidade` VARCHAR(45) NULL,
  `tb_cliente_idcliente` INT NOT NULL,
  PRIMARY KEY (`idendereco`),
  INDEX `fk_tb_endereco_tb_cliente1_idx` (`tb_cliente_idcliente` ASC) VISIBLE,
  CONSTRAINT `fk_tb_endereco_tb_cliente1`
    FOREIGN KEY (`tb_cliente_idcliente`)
    REFERENCES `acai`.`tb_cliente` (`idcliente`)
    ON DELETE NO ACTION
    ON UPDATE NO ACTION)
ENGINE = InnoDB;


-- -----------------------------------------------------
-- Table `acai`.`tb_pedido`
-- -----------------------------------------------------
CREATE TABLE IF NOT EXISTS `acai`.`tb_pedido` (
  `idpedido` INT NOT NULL AUTO_INCREMENT,
  `observacao` VARCHAR(200) NOT NULL,
  `horario_inicio` TIME NOT NULL,
  `horario_final` TIME NOT NULL,
  `status` VARCHAR(45) NOT NULL,
  ` valor_p` DECIMAL(10,2) NOT NULL,
  `taxa_entrega` INT NOT NULL,
  `data` TIMESTAMP NULL,
  `nota_atendente` DECIMAL(2,1) NULL,
  `tb_endereco_idendereco` INT NOT NULL,
  `tb_atentende_idatentende` INT NOT NULL,
  `tb_cliente_idcliente` INT NOT NULL,
  PRIMARY KEY (`idpedido`),
  UNIQUE INDEX `idpedido_UNIQUE` (`idpedido` ASC) VISIBLE,
  INDEX `fk_tb_pedido_tb_cliente_idx` (`tb_cliente_idcliente` ASC) VISIBLE,
  INDEX `fk_tb_pedido_tb_atentende1_idx` (`tb_atentende_idatentende` ASC) VISIBLE,
  INDEX `fk_tb_pedido_tb_endereco1_idx` (`tb_endereco_idendereco` ASC) VISIBLE,
  CONSTRAINT `fk_tb_pedido_tb_cliente`
    FOREIGN KEY (`tb_cliente_idcliente`)
    REFERENCES `acai`.`tb_cliente` (`idcliente`)
    ON DELETE NO ACTION
    ON UPDATE NO ACTION,
  CONSTRAINT `fk_tb_pedido_tb_atentende1`
    FOREIGN KEY (`tb_atentende_idatentende`)
    REFERENCES `acai`.`tb_atendente` (`idatentende`)
    ON DELETE NO ACTION
    ON UPDATE NO ACTION,
  CONSTRAINT `fk_tb_pedido_tb_endereco1`
    FOREIGN KEY (`tb_endereco_idendereco`)
    REFERENCES `acai`.`tb_endereco` (`idendereco`)
    ON DELETE NO ACTION
    ON UPDATE NO ACTION)
ENGINE = InnoDB;


-- -----------------------------------------------------
-- Table `acai`.`tb_pagamento`
-- -----------------------------------------------------
CREATE TABLE IF NOT EXISTS `acai`.`tb_pagamento` (
  `idpagamento` INT NOT NULL AUTO_INCREMENT,
  `forma_p` DECIMAL(15) NOT NULL,
  `data_pagamento` DATE NOT NULL,
  `valor_total` DECIMAL(15) NOT NULL,
  `tb_pedido_idpedido` INT NOT NULL,
  PRIMARY KEY (`idpagamento`),
  UNIQUE INDEX `idpagamento_UNIQUE` (`idpagamento` ASC) VISIBLE,
  INDEX `fk_tb_pagamento_tb_pedido1_idx` (`tb_pedido_idpedido` ASC) VISIBLE,
  CONSTRAINT `fk_tb_pagamento_tb_pedido1`
    FOREIGN KEY (`tb_pedido_idpedido`)
    REFERENCES `acai`.`tb_pedido` (`idpedido`)
    ON DELETE NO ACTION
    ON UPDATE NO ACTION)
ENGINE = InnoDB;


-- -----------------------------------------------------
-- Table `acai`.`tb_entrega`
-- -----------------------------------------------------
CREATE TABLE IF NOT EXISTS `acai`.`tb_entrega` (
  `identrega` INT NOT NULL,
  `data_entrega` DATE NOT NULL,
  `horario_entraga` TIME NOT NULL,
  `localizacao` VARCHAR(200) NOT NULL,
  `nota_entrega` DECIMAL(2,1) NULL,
  `tb_pedido_idpedido` INT NOT NULL,
  PRIMARY KEY (`identrega`),
  INDEX `fk_tb_entrega_tb_pedido1_idx` (`tb_pedido_idpedido` ASC) VISIBLE,
  CONSTRAINT `fk_tb_entrega_tb_pedido1`
    FOREIGN KEY (`tb_pedido_idpedido`)
    REFERENCES `acai`.`tb_pedido` (`idpedido`)
    ON DELETE NO ACTION
    ON UPDATE NO ACTION)
ENGINE = InnoDB;


-- -----------------------------------------------------
-- Table `acai`.`tb_itens_pedido`
-- -----------------------------------------------------
CREATE TABLE IF NOT EXISTS `acai`.`tb_itens_pedido` (
  `tb_produto_idproduto` INT NOT NULL,
  `tb_pedido_idpedido` INT NOT NULL,
  PRIMARY KEY (`tb_produto_idproduto`, `tb_pedido_idpedido`),
  INDEX `fk_tb_produto_has_tb_pedido_tb_pedido1_idx` (`tb_pedido_idpedido` ASC) VISIBLE,
  INDEX `fk_tb_produto_has_tb_pedido_tb_produto1_idx` (`tb_produto_idproduto` ASC) VISIBLE,
  CONSTRAINT `fk_tb_produto_has_tb_pedido_tb_produto1`
    FOREIGN KEY (`tb_produto_idproduto`)
    REFERENCES `acai`.`tb_produto` (`idproduto`)
    ON DELETE NO ACTION
    ON UPDATE NO ACTION,
  CONSTRAINT `fk_tb_produto_has_tb_pedido_tb_pedido1`
    FOREIGN KEY (`tb_pedido_idpedido`)
    REFERENCES `acai`.`tb_pedido` (`idpedido`)
    ON DELETE NO ACTION
    ON UPDATE NO ACTION)
ENGINE = InnoDB;


SET SQL_MODE=@OLD_SQL_MODE;
SET FOREIGN_KEY_CHECKS=@OLD_FOREIGN_KEY_CHECKS;
SET UNIQUE_CHECKS=@OLD_UNIQUE_CHECKS;


---- usuario ----
INSERT INTO tb_usuario VALUES 
(1, 'Ana Souza', 'ana@gmail.com', 'senha123', 'C'),
(2, 'Bruno Lima', 'bruno@gmail.com', '1234senha', 'A'),
(3, 'Carlos Dias', 'carlosd@gmail.com', 'dias321', 'C'),
(4, 'Daniela Costa', 'dani@gmail.com', 'abc@123', 'A'),
(5, 'Eduardo Alves', 'edu@gmail.com', 'edu2023', 'C'),
(6, 'Fernanda Reis', 'fer@gmail.com', 'fer321', 'A'),
(7, 'Gustavo Rocha', 'gus@gmail.com', 'gus321', 'C'),
(8, 'Helena Faria', 'helena@gmail.com', 'h321', 'A'),
(9, 'Igor Matos', 'igor@gmail.com', 'i321', 'C'),
(10, 'Julia Nunes', 'julia@gmail.com', 'j321', 'A');

---- cliente ----
INSERT INTO tb_cliente VALUES 
(1, '12345678900', 'Rua A, 100', 50, 1),
(2, '12345678901', 'Rua B, 200', 30, 3),
(3, '12345678902', 'Rua C, 300', 80, 5),
(4, '12345678903', 'Rua D, 400', 20, 7),
(5, '12345678904', 'Rua E, 500', 70, 9),
(6, '12345678905', 'Rua F, 600', 40, 1),
(7, '12345678906', 'Rua G, 700', 25, 3),
(8, '12345678907', 'Rua H, 800', 65, 5),
(9, '12345678908', 'Rua I, 900', 90, 7),
(10, '12345678909', 'Rua J, 1000', 55, 9);

---- atendente ----
INSERT INTO tb_atendente VALUES 
(1, '25', '08:00', '16:00', 'Atendente experiente', 2),
(2, '22', '09:00', '17:00', 'Atendimento rápido', 4),
(3, '28', '10:00', '18:00', 'Muito cordial', 6),
(4, '30', '08:30', '16:30', 'Especialista em pedidos', 8),
(5, '27', '07:00', '15:00', 'Atencioso', 10),
(6, '23', '09:00', '17:00', 'Pontual', 2),
(7, '29', '10:00', '18:00', 'Organizado', 4),
(8, '26', '08:00', '16:00', 'Eficiente', 6),
(9, '24', '09:30', '17:30', 'Multitarefa', 8),
(10, '31', '07:30', '15:30', 'Experiente', 10);

---- endereco ----
INSERT INTO tb_endereco VALUES 
(1, 'Av. Brasil, 100', 'Centro', 'São Paulo'),
(2, 'Rua das Flores, 200', 'Jardins', 'Rio de Janeiro'),
(3, 'Alameda Santos, 300', 'Bela Vista', 'São Paulo'),
(4, 'Rua Azul, 400', 'Tijuca', 'Rio de Janeiro'),
(5, 'Av. Verde, 500', 'Copacabana', 'Rio de Janeiro'),
(6, 'Rua Amarela, 600', 'Liberdade', 'São Paulo'),
(7, 'Av. Vermelha, 700', 'Centro', 'Belo Horizonte'),
(8, 'Rua Branca, 800', 'Savassi', 'Belo Horizonte'),
(9, 'Rua Preta, 900', 'Zona Norte', 'Fortaleza'),
(10, 'Av. Cinza, 1000', 'Meireles', 'Fortaleza');

---- produto ----
INSERT INTO tb_produto VALUES 
(1, 'Açaí Tradicional', '300ml', 'Banana', 'Granola', 'Leite condensado'),
(2, 'Açaí com Morango', '500ml', 'Morango', 'Granola', 'Leite em pó'),
(3, 'Açaí Proteico', '400ml', 'Banana', 'Whey Protein', 'Mel'),
(4, 'Açaí com Kiwi', '300ml', 'Kiwi', 'Granola', 'Mel'),
(5, 'Açaí Tropical', '500ml', 'Abacaxi', 'Granola', 'Coco ralado'),
(6, 'Açaí com Leite Ninho', '300ml', 'Banana', 'Leite Ninho', 'Nutella'),
(7, 'Açaí Fitness', '400ml', 'Morango', 'Aveia', 'Mel'),
(8, 'Açaí com Amendoim', '500ml', 'Banana', 'Amendoim', 'Leite condensado'),
(9, 'Açaí Kids', '250ml', 'Banana', 'Confetes', 'Calda de chocolate'),
(10, 'Açaí Power', '700ml', 'Morango', 'Whey', 'Paçoca');

---- pdeido ----
INSERT INTO tb_pedido VALUES 
(1, 'Sem leite condensado', '16:00', '16:30', 'Entregue', 20.00, 3, '2023-08-01 16:00:00', 9.0, 1, 1, 1),
(2, 'Com bastante granola', '17:00', '17:30', 'Entregue', 25.00, 3, '2023-08-02 17:00:00', 8.5, 2, 2, 2),
(3, 'Sem banana', '18:00', '18:45', 'Entregue', 28.00, 4, '2023-08-03 18:00:00', 9.2, 3, 3, 3),
(4, 'Com leite em pó extra', '19:00', '19:30', 'Entregue', 22.00, 3, '2023-08-04 19:00:00', 8.0, 4, 4, 4),
(5, 'Com cobertura de morango', '20:00', '20:40', 'Entregue', 27.00, 4, '2023-08-05 20:00:00', 9.5, 5, 5, 5),
(6, 'Sem cobertura', '21:00', '21:25', 'Entregue', 19.00, 2, '2023-08-06 21:00:00', 7.5, 6, 6, 6),
(7, 'Com paçoca e leite ninho', '22:00', '22:35', 'Entregue', 30.00, 5, '2023-08-07 22:00:00', 9.8, 7, 7, 7),
(8, 'Sem açúcar', '16:30', '17:10', 'Entregue', 21.00, 3, '2023-08-08 16:30:00', 8.7, 8, 8, 8),
(9, 'Com banana e mel', '17:30', '18:05', 'Entregue', 24.00, 3, '2023-08-09 17:30:00', 9.3, 9, 9, 9),
(10, 'Açaí duplo', '18:30', '19:15', 'Entregue', 35.00, 6, '2023-08-10 18:30:00', 9.9, 10, 10, 10);

---- pagamento ----
INSERT INTO tb_pagamento VALUES 
(1, 1, '2023-08-01', 45.00),
(2, 2, '2023-08-02', 57.00),
(3, 3, '2023-08-03', 66.00),
(4, 4, '2023-08-04', 50.00),
(5, 5, '2023-08-05', 80.00),
(6, 6, '2023-08-06', 47.00),
(7, 7, '2023-08-07', 54.00),
(8, 8, '2023-08-08', 60.00),
(9, 9, '2023-08-09', 55.00),
(10, 10, '2023-08-10', 73.00);

---- entrega ----
INSERT INTO tb_entrega VALUES 
(1, '2023-08-01', '18:45', 'Rua A, 100', 9.0, 1),
(2, '2023-08-02', '19:40', 'Rua B, 200', 8.5, 2),
(3, '2023-08-03', '20:50', 'Rua C, 300', 9.2, 3),
(4, '2023-08-04', '21:35', 'Rua D, 400', 8.0, 4),
(5, '2023-08-05', '22:30', 'Rua E, 500', 9.8, 5),
(6, '2023-08-06', '19:10', 'Rua F, 600', 7.5, 6),
(7, '2023-08-07', '20:00', 'Rua G, 700', 8.7, 7),
(8, '2023-08-08', '21:05', 'Rua H, 800', 9.1, 8),
(9, '2023-08-09', '22:00', 'Rua I, 900', 8.3, 9),
(10, '2023-08-10', '23:10', 'Rua J, 1000', 9.6, 10);
